<?xml version="1.0" encoding="UTF-8"?>
<urn:AuthnSelectionConfig lastModifiedMillis="1615823712175" enableAuthnSelection="true" enableSpAuthnSelection="false" failIfNoSelection="false" xmlns:urn="urn:pingidentity.com:pf:authn-selection">
    <urn:AuthnSelectionTrees>
        <urn:AuthnSelectionTree treeName="Sample AuthN API" disabled="false" authnApiApp="sampleAuthNAPIApp">
            <urn:AstRoot context="">
                <urn:AstAction authnSelectorId="useAuthApi" xsi:type="urn:AuthnSelectorActionType" xmlns:xsi="http://www.w3.org/2001/XMLSchema-instance"/>
                <urn:AstChild context="Y">
                    <urn:AstAction authnSelectorId="authnExp" xsi:type="urn:AuthnSelectorActionType" xmlns:xsi="http://www.w3.org/2001/XMLSchema-instance"/>
                    <urn:AstChild context="Internal">
                        <urn:AstAction fragmentId="InternalAuthN" xsi:type="urn:FragmentActionType" xmlns:xsi="http://www.w3.org/2001/XMLSchema-instance">
                            <urn:fallbackToSuccess>false</urn:fallbackToSuccess>
                            <urn:AttributeMapping>
                                <urn1:AttributeMap Name="subject" Type="No Mapping" Value="NO_MAPPING" xmlns:urn1="urn:sourceid.org:saml2:metadata-extension:v2"/>
                                <urn1:TokenAuthorizationIssuanceCriteria xmlns:urn1="urn:sourceid.org:saml2:metadata-extension:v2"/>
                            </urn:AttributeMapping>
                        </urn:AstAction>
                        <urn:AstChild context="Fail">
                            <urn:AstAction noOpType="DONE" xsi:type="urn:NoOpActionType" xmlns:xsi="http://www.w3.org/2001/XMLSchema-instance"/>
                        </urn:AstChild>
                        <urn:AstChild context="Success">
                            <urn:AstAction noOpType="DONE" xsi:type="urn:NoOpActionType" xmlns:xsi="http://www.w3.org/2001/XMLSchema-instance"/>
                        </urn:AstChild>
                    </urn:AstChild>
                    <urn:AstChild context="Multi_Factor">
                        <urn:AstAction fragmentId="FirstFactor" xsi:type="urn:FragmentActionType" xmlns:xsi="http://www.w3.org/2001/XMLSchema-instance">
                            <urn:fallbackToSuccess>false</urn:fallbackToSuccess>
                            <urn:AttributeMapping>
                                <urn1:AttributeMap Name="subject" Type="No Mapping" Value="NO_MAPPING" xmlns:urn1="urn:sourceid.org:saml2:metadata-extension:v2"/>
                                <urn1:TokenAuthorizationIssuanceCriteria xmlns:urn1="urn:sourceid.org:saml2:metadata-extension:v2"/>
                            </urn:AttributeMapping>
                        </urn:AstAction>
                        <urn:AstChild context="Fail">
                            <urn:AstAction noOpType="DONE" xsi:type="urn:NoOpActionType" xmlns:xsi="http://www.w3.org/2001/XMLSchema-instance"/>
                        </urn:AstChild>
                        <urn:AstChild context="Success">
                            <urn:AstAction fragmentId="SecondFactor" xsi:type="urn:FragmentActionType" xmlns:xsi="http://www.w3.org/2001/XMLSchema-instance">
                                <urn:fallbackToSuccess>false</urn:fallbackToSuccess>
                                <urn:AttributeMapping>
                                    <urn1:AttributeMap Name="subject" Type="Fragment" AttributeSourceId="FirstFactor" Value="subject" xmlns:urn1="urn:sourceid.org:saml2:metadata-extension:v2"/>
                                    <urn1:TokenAuthorizationIssuanceCriteria xmlns:urn1="urn:sourceid.org:saml2:metadata-extension:v2"/>
                                </urn:AttributeMapping>
                            </urn:AstAction>
                            <urn:AstChild context="Fail">
                                <urn:AstAction noOpType="DONE" xsi:type="urn:NoOpActionType" xmlns:xsi="http://www.w3.org/2001/XMLSchema-instance"/>
                            </urn:AstChild>
                            <urn:AstChild context="Success">
                                <urn:AstAction noOpType="DONE" xsi:type="urn:NoOpActionType" xmlns:xsi="http://www.w3.org/2001/XMLSchema-instance"/>
                            </urn:AstChild>
                        </urn:AstChild>
                    </urn:AstChild>
                    <urn:AstChild context="Passwordless">
                        <urn:AstAction fragmentId="Identify_First" xsi:type="urn:FragmentActionType" xmlns:xsi="http://www.w3.org/2001/XMLSchema-instance">
                            <urn:fallbackToSuccess>false</urn:fallbackToSuccess>
                            <urn:AttributeMapping>
                                <urn1:AttributeMap Name="subject" Type="No Mapping" Value="NO_MAPPING" xmlns:urn1="urn:sourceid.org:saml2:metadata-extension:v2"/>
                                <urn1:TokenAuthorizationIssuanceCriteria xmlns:urn1="urn:sourceid.org:saml2:metadata-extension:v2"/>
                            </urn:AttributeMapping>
                        </urn:AstAction>
                        <urn:AstChild context="Fail">
                            <urn:AstAction noOpType="DONE" xsi:type="urn:NoOpActionType" xmlns:xsi="http://www.w3.org/2001/XMLSchema-instance"/>
                        </urn:AstChild>
                        <urn:AstChild context="Success">
                            <urn:AstAction fragmentId="stepUpFragment" xsi:type="urn:FragmentActionType" xmlns:xsi="http://www.w3.org/2001/XMLSchema-instance">
                                <urn:fallbackToSuccess>false</urn:fallbackToSuccess>
                                <urn:AttributeMapping>
                                    <urn1:AttributeMap Name="subject" Type="Fragment" AttributeSourceId="Identify_First" Value="subject" xmlns:urn1="urn:sourceid.org:saml2:metadata-extension:v2"/>
                                    <urn1:TokenAuthorizationIssuanceCriteria xmlns:urn1="urn:sourceid.org:saml2:metadata-extension:v2"/>
                                </urn:AttributeMapping>
                            </urn:AstAction>
                            <urn:AstChild context="Fail">
                                <urn:AstAction noOpType="DONE" xsi:type="urn:NoOpActionType" xmlns:xsi="http://www.w3.org/2001/XMLSchema-instance"/>
                            </urn:AstChild>
                            <urn:AstChild context="Success">
                                <urn:AstAction noOpType="DONE" xsi:type="urn:NoOpActionType" xmlns:xsi="http://www.w3.org/2001/XMLSchema-instance"/>
                            </urn:AstChild>
                        </urn:AstChild>
                    </urn:AstChild>
                    <urn:AstChild context="Single_Factor">
                        <urn:AstAction fragmentId="FirstFactor" xsi:type="urn:FragmentActionType" xmlns:xsi="http://www.w3.org/2001/XMLSchema-instance">
                            <urn:fallbackToSuccess>false</urn:fallbackToSuccess>
                            <urn:AttributeMapping>
                                <urn1:AttributeMap Name="subject" Type="No Mapping" Value="NO_MAPPING" xmlns:urn1="urn:sourceid.org:saml2:metadata-extension:v2"/>
                                <urn1:TokenAuthorizationIssuanceCriteria xmlns:urn1="urn:sourceid.org:saml2:metadata-extension:v2"/>
                            </urn:AttributeMapping>
                        </urn:AstAction>
                        <urn:AstChild context="Fail">
                            <urn:AstAction noOpType="DONE" xsi:type="urn:NoOpActionType" xmlns:xsi="http://www.w3.org/2001/XMLSchema-instance"/>
                        </urn:AstChild>
                        <urn:AstChild context="Success">
                            <urn:AstAction noOpType="DONE" xsi:type="urn:NoOpActionType" xmlns:xsi="http://www.w3.org/2001/XMLSchema-instance"/>
                        </urn:AstChild>
                    </urn:AstChild>
                </urn:AstChild>
                <urn:AstChild context="No Match">
                    <urn:AstAction noOpType="CONTINUE" xsi:type="urn:NoOpActionType" xmlns:xsi="http://www.w3.org/2001/XMLSchema-instance"/>
                </urn:AstChild>
            </urn:AstRoot>
            <urn:treeDescription>Mirrors the Sample AuthN Experiences with the Authentication API.
Set the `useAuthnAPI` Extended Property to "Y"</urn:treeDescription>
        </urn:AuthnSelectionTree>
        <urn:AuthnSelectionTree treeName="Sample Authentication Experiences" disabled="false" authnApiApp="">
            <urn:AstRoot context="">
                <urn:AstAction authnSelectorId="authnExp" xsi:type="urn:AuthnSelectorActionType" xmlns:xsi="http://www.w3.org/2001/XMLSchema-instance"/>
                <urn:AstChild context="Internal">
                    <urn:AstAction fragmentId="InternalAuthN" xsi:type="urn:FragmentActionType" xmlns:xsi="http://www.w3.org/2001/XMLSchema-instance">
                        <urn:fallbackToSuccess>false</urn:fallbackToSuccess>
                        <urn:AttributeMapping>
                            <urn1:AttributeMap Name="subject" Type="No Mapping" Value="NO_MAPPING" xmlns:urn1="urn:sourceid.org:saml2:metadata-extension:v2"/>
                            <urn1:TokenAuthorizationIssuanceCriteria xmlns:urn1="urn:sourceid.org:saml2:metadata-extension:v2"/>
                        </urn:AttributeMapping>
                    </urn:AstAction>
                    <urn:AstChild context="Fail">
                        <urn:AstAction noOpType="DONE" xsi:type="urn:NoOpActionType" xmlns:xsi="http://www.w3.org/2001/XMLSchema-instance"/>
                    </urn:AstChild>
                    <urn:AstChild context="Success">
                        <urn:AstAction noOpType="DONE" xsi:type="urn:NoOpActionType" xmlns:xsi="http://www.w3.org/2001/XMLSchema-instance"/>
                    </urn:AstChild>
                </urn:AstChild>
                <urn:AstChild context="Multi_Factor">
                    <urn:AstAction fragmentId="FirstFactor" xsi:type="urn:FragmentActionType" xmlns:xsi="http://www.w3.org/2001/XMLSchema-instance">
                        <urn:fallbackToSuccess>false</urn:fallbackToSuccess>
                        <urn:AttributeMapping>
                            <urn1:AttributeMap Name="subject" Type="No Mapping" Value="NO_MAPPING" xmlns:urn1="urn:sourceid.org:saml2:metadata-extension:v2"/>
                            <urn1:TokenAuthorizationIssuanceCriteria xmlns:urn1="urn:sourceid.org:saml2:metadata-extension:v2"/>
                        </urn:AttributeMapping>
                    </urn:AstAction>
                    <urn:AstChild context="Fail">
                        <urn:AstAction noOpType="DONE" xsi:type="urn:NoOpActionType" xmlns:xsi="http://www.w3.org/2001/XMLSchema-instance"/>
                    </urn:AstChild>
                    <urn:AstChild context="Success">
                        <urn:AstAction fragmentId="SecondFactor" xsi:type="urn:FragmentActionType" xmlns:xsi="http://www.w3.org/2001/XMLSchema-instance">
                            <urn:fallbackToSuccess>false</urn:fallbackToSuccess>
                            <urn:AttributeMapping>
                                <urn1:AttributeMap Name="subject" Type="Fragment" AttributeSourceId="FirstFactor" Value="subject" xmlns:urn1="urn:sourceid.org:saml2:metadata-extension:v2"/>
                                <urn1:TokenAuthorizationIssuanceCriteria xmlns:urn1="urn:sourceid.org:saml2:metadata-extension:v2"/>
                            </urn:AttributeMapping>
                        </urn:AstAction>
                        <urn:AstChild context="Fail">
                            <urn:AstAction noOpType="DONE" xsi:type="urn:NoOpActionType" xmlns:xsi="http://www.w3.org/2001/XMLSchema-instance"/>
                        </urn:AstChild>
                        <urn:AstChild context="Success">
                            <urn:AstAction noOpType="DONE" xsi:type="urn:NoOpActionType" xmlns:xsi="http://www.w3.org/2001/XMLSchema-instance"/>
                        </urn:AstChild>
                    </urn:AstChild>
                </urn:AstChild>
                <urn:AstChild context="Passwordless">
                    <urn:AstAction fragmentId="Identify_First" xsi:type="urn:FragmentActionType" xmlns:xsi="http://www.w3.org/2001/XMLSchema-instance">
                        <urn:fallbackToSuccess>false</urn:fallbackToSuccess>
                        <urn:AttributeMapping>
                            <urn1:AttributeMap Name="subject" Type="No Mapping" Value="NO_MAPPING" xmlns:urn1="urn:sourceid.org:saml2:metadata-extension:v2"/>
                            <urn1:TokenAuthorizationIssuanceCriteria xmlns:urn1="urn:sourceid.org:saml2:metadata-extension:v2"/>
                        </urn:AttributeMapping>
                    </urn:AstAction>
                    <urn:AstChild context="Fail">
                        <urn:AstAction noOpType="DONE" xsi:type="urn:NoOpActionType" xmlns:xsi="http://www.w3.org/2001/XMLSchema-instance"/>
                    </urn:AstChild>
                    <urn:AstChild context="Success">
                        <urn:AstAction fragmentId="stepUpFragment" xsi:type="urn:FragmentActionType" xmlns:xsi="http://www.w3.org/2001/XMLSchema-instance">
                            <urn:fallbackToSuccess>false</urn:fallbackToSuccess>
                            <urn:AttributeMapping>
                                <urn1:AttributeMap Name="subject" Type="Fragment" AttributeSourceId="Identify_First" Value="subject" xmlns:urn1="urn:sourceid.org:saml2:metadata-extension:v2"/>
                                <urn1:TokenAuthorizationIssuanceCriteria xmlns:urn1="urn:sourceid.org:saml2:metadata-extension:v2"/>
                            </urn:AttributeMapping>
                        </urn:AstAction>
                        <urn:AstChild context="Fail">
                            <urn:AstAction noOpType="DONE" xsi:type="urn:NoOpActionType" xmlns:xsi="http://www.w3.org/2001/XMLSchema-instance"/>
                        </urn:AstChild>
                        <urn:AstChild context="Success">
                            <urn:AstAction noOpType="DONE" xsi:type="urn:NoOpActionType" xmlns:xsi="http://www.w3.org/2001/XMLSchema-instance"/>
                        </urn:AstChild>
                    </urn:AstChild>
                </urn:AstChild>
                <urn:AstChild context="Single_Factor">
                    <urn:AstAction fragmentId="FirstFactor" xsi:type="urn:FragmentActionType" xmlns:xsi="http://www.w3.org/2001/XMLSchema-instance">
                        <urn:fallbackToSuccess>false</urn:fallbackToSuccess>
                        <urn:AttributeMapping>
                            <urn1:AttributeMap Name="subject" Type="No Mapping" Value="NO_MAPPING" xmlns:urn1="urn:sourceid.org:saml2:metadata-extension:v2"/>
                            <urn1:TokenAuthorizationIssuanceCriteria xmlns:urn1="urn:sourceid.org:saml2:metadata-extension:v2"/>
                        </urn:AttributeMapping>
                    </urn:AstAction>
                    <urn:AstChild context="Fail">
                        <urn:AstAction noOpType="DONE" xsi:type="urn:NoOpActionType" xmlns:xsi="http://www.w3.org/2001/XMLSchema-instance"/>
                    </urn:AstChild>
                    <urn:AstChild context="Success">
                        <urn:AstAction noOpType="DONE" xsi:type="urn:NoOpActionType" xmlns:xsi="http://www.w3.org/2001/XMLSchema-instance"/>
                    </urn:AstChild>
                </urn:AstChild>
            </urn:AstRoot>
            <urn:treeDescription>This Sample Policy uses the Extended Properties Selector on the Application to allow easy switching between:
* Single_Factor (First_Factor Fragment)
* Multi_Factor (First_Factor Fragment --> Second_Factor Fragment)
* Passwordless (Identity_First --> Step_Up)
* Internal (Employee HTML Form)</urn:treeDescription>
        </urn:AuthnSelectionTree>
        <urn:AuthnSelectionTree treeName="Fallback Policy" disabled="false" authnApiApp="">
            <urn:AstRoot context="">
                <urn:AstAction fragmentId="FirstFactor" xsi:type="urn:FragmentActionType" xmlns:xsi="http://www.w3.org/2001/XMLSchema-instance">
                    <urn:fallbackToSuccess>false</urn:fallbackToSuccess>
                    <urn:AttributeMapping>
                        <urn1:AttributeMap Name="subject" Type="No Mapping" Value="NO_MAPPING" xmlns:urn1="urn:sourceid.org:saml2:metadata-extension:v2"/>
                        <urn1:TokenAuthorizationIssuanceCriteria xmlns:urn1="urn:sourceid.org:saml2:metadata-extension:v2"/>
                    </urn:AttributeMapping>
                </urn:AstAction>
                <urn:AstChild context="Fail">
                    <urn:AstAction noOpType="DONE" xsi:type="urn:NoOpActionType" xmlns:xsi="http://www.w3.org/2001/XMLSchema-instance"/>
                </urn:AstChild>
                <urn:AstChild context="Success">
                    <urn:AstAction noOpType="DONE" xsi:type="urn:NoOpActionType" xmlns:xsi="http://www.w3.org/2001/XMLSchema-instance"/>
                </urn:AstChild>
            </urn:AstRoot>
            <urn:treeDescription>Used to perform authentication if other Policies are not invoked</urn:treeDescription>
        </urn:AuthnSelectionTree>
    </urn:AuthnSelectionTrees>
    <urn:DefaultAuthnSources/>
</urn:AuthnSelectionConfig>