<?xml version="1.0" encoding="UTF-8"?>
<sk:systemKeys xmlns:sk="http://pingidentity.com/2018/01/system-keys">
    <sk:currentKey>
        <sk:key>eyJhbGciOiJkaXIiLCJlbmMiOiJBMTI4Q0JDLUhTMjU2Iiwia2lkIjoiQlc5SnlpUk1QMSIsInZlcnNpb24iOiIxMC4yLjIuMCIsInppcCI6IkRFRiJ9..Om6XXkVW-HKx9vzk3xwN_w.XU_FRPsHlj8ZHwY4VQFjRJrpFd-2-eyTVbRIDylvuXqxjgKaw7DEjEND94oXJ_rq.jqkNqOVwwgXaP7rYPJtTQg</sk:key>
        <sk:generatedTime>2021-03-15T15:49:55.556Z</sk:generatedTime>
    </sk:currentKey>
    <sk:previousKey xsi:nil="true" xmlns:xsi="http://www.w3.org/2001/XMLSchema-instance"/>
    <sk:pendingKey>
        <sk:key>eyJhbGciOiJkaXIiLCJlbmMiOiJBMTI4Q0JDLUhTMjU2Iiwia2lkIjoiQlc5SnlpUk1QMSIsInZlcnNpb24iOiIxMC4yLjIuMCIsInppcCI6IkRFRiJ9..O-WNejQLfGnhFS_7N7gylQ.r0GuTRu73g6JZmMwrou4xV_k3aANbMrWPe5CPSXZ1dA0yYTxj9hp6pPSf9D7ufsL.aFAgci72dxAUsgyCNot-vw</sk:key>
        <sk:generatedTime>2021-03-15T15:49:55.556Z</sk:generatedTime>
    </sk:pendingKey>
</sk:systemKeys>