<?xml version="1.0" encoding="UTF-8"?>
<md:EntityDescriptor entityID="Sample-Passwordless" urn:name="Sample Passwordless" ID="Sample-Passwordless" urn:LogLevel="STANDARD" urn:isActive="true" urn:applicationName="Sample-SAML" xmlns:md="urn:oasis:names:tc:SAML:2.0:metadata" xmlns:urn="urn:sourceid.org:saml2:metadata-extension:v2">
    <md:Extensions>
        <urn:EntityExtension PFVersion="10.2.2.0">
            <urn:DigitialSignatureAliases SigningKeyAlias="signing-cert" includeX509inXmlSig="false" includeRawKeyInXmlSig="false" SigningAlgorithm="http://www.w3.org/2001/04/xmldsig-more#rsa-sha256"/>
            <urn:Encryption>
                <urn:EncryptionPolicy EncryptionAlgorithm="http://www.w3.org/2001/04/xmlenc#aes128-cbc" KeyTransportAlgorithm="http://www.w3.org/2001/04/xmlenc#rsa-oaep-mgf1p" EncryptAssertion="false" EncryptSubjectNameID="false" SLOEncryptSubjectNameID="false"/>
                <urn:DecryptionPolicy AssertionEncrypted="false" SubjectNameIDEncrypted="false" AttributeEncrypted="false" SLOSubjectNameIDEncrypted="false"/>
            </urn:Encryption>
            <urn:ConnectionTemplateProperties/>
            <urn:MetadataUrlId xsi:nil="true" xmlns:xsi="http://www.w3.org/2001/XMLSchema-instance"/>
            <urn:enableAutoMetadataUpdate>false</urn:enableAutoMetadataUpdate>
            <urn:alwaysSignArtifactResponse>false</urn:alwaysSignArtifactResponse>
            <urn:AdditionalAllowedEntitiesConfiguration>
                <urn:AllowAdditionalEntities>false</urn:AllowAdditionalEntities>
                <urn:AllowAllEntities>false</urn:AllowAllEntities>
                <urn:AdditionalAllowedEntities/>
            </urn:AdditionalAllowedEntitiesConfiguration>
            <urn:ExtendedProperties name="authNexp" value="Passwordless"/>
        </urn:EntityExtension>
    </md:Extensions>
    <md:SPSSODescriptor protocolSupportEnumeration="urn:oasis:names:tc:SAML:2.0:protocol" AuthnRequestsSigned="false" WantAssertionsSigned="false" SignResponseAsRequired="true">
        <md:Extensions>
            <urn:RoleExtension ArtifactTimeoutSeconds="60" LastModified="2021-03-15T15:55:12.833Z">
                <urn:IncomingBindings Artifact="false" POST="false" Redirect="false" SOAP="false"/>
                <urn:EnabledProfiles IDPInitiatedSSO="true" IDPInitiatedSLO="false" SPInitiatedSSO="false" SPInitiatedSLO="false"/>
                <urn:SP AssertionValidityAfterMinutes="5" AssertionValidityBeforeMinutes="5" ConnectionTargetType="Standard" EnableCDCDuringSSO="false">
                    <urn:C2cContractToAssertionMapping AbortIfNotFoundInAnyDataSources="false" RestrictVirtualServerIds="false" C2cContractId="samplePolicyContract" C2cContractName="Sample Policy Contract">
                        <urn:DefaultAttributeMapping>
                            <urn:AttributeMap Name="firstname" Type="Authentication Policy Contract" Value="firstName"/>
                            <urn:AttributeMap Name="ImmutableID" Type="Authentication Policy Contract" Value="ImmutableID"/>
                            <urn:AttributeMap Name="mail" Type="Authentication Policy Contract" Value="mail"/>
                            <urn:AttributeMap Name="SAML_SUBJECT" Type="Authentication Policy Contract" Value="subject"/>
                            <urn:AttributeMap Name="lastname" Type="Authentication Policy Contract" Value="lastName"/>
                            <urn:TokenAuthorizationIssuanceCriteria/>
                        </urn:DefaultAttributeMapping>
                    </urn:C2cContractToAssertionMapping>
                    <urn:NameIdentifierMappingType IncludeAdditionalAttributes="false" IncludeAdditionalTransientAttributes="false"/>
                </urn:SP>
            </urn:RoleExtension>
        </md:Extensions>
        <md:NameIDFormat>urn:oasis:names:tc:SAML:1.1:nameid-format:unspecified</md:NameIDFormat>
        <md:AssertionConsumerService index="0" Location="https://decoder.pingidentity.cloud/saml" Binding="urn:oasis:names:tc:SAML:2.0:bindings:HTTP-POST" isDefault="true"/>
        <md:AttributeConsumingService index="0">
            <md:ServiceName xml:lang="en">AttributeContract</md:ServiceName>
            <md:RequestedAttribute Name="firstname" NameFormat="urn:oasis:names:tc:SAML:2.0:attrname-format:unspecified"/>
            <md:RequestedAttribute Name="ImmutableID" NameFormat="urn:oasis:names:tc:SAML:2.0:attrname-format:basic"/>
            <md:RequestedAttribute Name="mail" NameFormat="urn:oasis:names:tc:SAML:2.0:attrname-format:basic"/>
            <md:RequestedAttribute Name="lastname" NameFormat="urn:oasis:names:tc:SAML:2.0:attrname-format:unspecified"/>
        </md:AttributeConsumingService>
    </md:SPSSODescriptor>
    <md:RoleDescriptor protocolSupportEnumeration="urn:oasis:names:tc:SAML:2.0:protocol" xsi:type="urn:PFAvailableCertsRoleDescriptorType" xmlns:xsi="http://www.w3.org/2001/XMLSchema-instance"/>
    <md:ContactPerson contactType="administrative"/>
</md:EntityDescriptor>