<?xml version="1.0" encoding="UTF-8"?>
<urn:PolicyFragment id="Identify_First" name="Identify_First" inputContractId="FragmentSubject" outputContractId="FragmentSubject" lastModifiedMillis="1615823702140" xmlns:urn="urn:pingidentity.com:pf:policy:fragment">
    <urn:policy context="">
        <urn:AstAction xsi:type="urn:AuthnSourceActionType" xmlns:urn="urn:pingidentity.com:pf:authn-selection" xmlns:xsi="http://www.w3.org/2001/XMLSchema-instance">
            <urn:AuthnSourceKey type="ADAPTER">IDFirst</urn:AuthnSourceKey>
            <urn:fallbackToSuccess>true</urn:fallbackToSuccess>
            <urn:InputIdMapping Type="Inputs" AttributeSourceId="Inputs" Value="subject"/>
            <urn:userIdAuthenticated>false</urn:userIdAuthenticated>
        </urn:AstAction>
        <urn1:AstChild context="Fail" xmlns:urn1="urn:pingidentity.com:pf:authn-selection">
            <urn:AstAction noOpType="DONE" xsi:type="urn:NoOpActionType" xmlns:urn="urn:pingidentity.com:pf:authn-selection" xmlns:xsi="http://www.w3.org/2001/XMLSchema-instance"/>
        </urn1:AstChild>
        <urn1:AstChild context="Success" xmlns:urn1="urn:pingidentity.com:pf:authn-selection">
            <urn:AstAction apcId="FragmentSubject" xsi:type="urn:ApcMappingActionType" xmlns:urn="urn:pingidentity.com:pf:authn-selection" xmlns:xsi="http://www.w3.org/2001/XMLSchema-instance">
                <urn:AttributeMapping>
                    <urn2:AttributeMap Name="subject" Type="Adapter" AttributeSourceId="IDFirst" Value="uid" xmlns:urn2="urn:sourceid.org:saml2:metadata-extension:v2"/>
                    <urn2:TokenAuthorizationIssuanceCriteria xmlns:urn2="urn:sourceid.org:saml2:metadata-extension:v2"/>
                </urn:AttributeMapping>
            </urn:AstAction>
        </urn1:AstChild>
    </urn:policy>
    <urn:description>Used for First Factors that just use the User Identifier</urn:description>
</urn:PolicyFragment>