<?xml version="1.0" encoding="UTF-8"?>
<urn:PolicyFragment id="InternalAuthN" name="Internal AuthN" inputContractId="FragmentSubject" outputContractId="samplePolicyContract" lastModifiedMillis="1615823701999" xmlns:urn="urn:pingidentity.com:pf:policy:fragment">
    <urn:policy context="">
        <urn:AstAction xsi:type="urn:AuthnSourceActionType" xmlns:urn="urn:pingidentity.com:pf:authn-selection" xmlns:xsi="http://www.w3.org/2001/XMLSchema-instance">
            <urn:AuthnSourceKey type="ADAPTER">HTMLForm</urn:AuthnSourceKey>
            <urn:fallbackToSuccess>true</urn:fallbackToSuccess>
            <urn:userIdAuthenticated>false</urn:userIdAuthenticated>
        </urn:AstAction>
        <urn1:AstChild context="Fail" xmlns:urn1="urn:pingidentity.com:pf:authn-selection">
            <urn:AstAction noOpType="DONE" xsi:type="urn:NoOpActionType" xmlns:urn="urn:pingidentity.com:pf:authn-selection" xmlns:xsi="http://www.w3.org/2001/XMLSchema-instance"/>
        </urn1:AstChild>
        <urn1:AstChild context="Success" xmlns:urn1="urn:pingidentity.com:pf:authn-selection">
            <urn:AstAction apcId="samplePolicyContract" xsi:type="urn:ApcMappingActionType" xmlns:urn="urn:pingidentity.com:pf:authn-selection" xmlns:xsi="http://www.w3.org/2001/XMLSchema-instance">
                <urn:AttributeMapping>
                    <urn2:AttributeMap Name="firstName" Type="No Mapping" Value="NO_MAPPING" xmlns:urn2="urn:sourceid.org:saml2:metadata-extension:v2"/>
                    <urn2:AttributeMap Name="lastName" Type="No Mapping" Value="NO_MAPPING" xmlns:urn2="urn:sourceid.org:saml2:metadata-extension:v2"/>
                    <urn2:AttributeMap Name="ImmutableID" Type="Adapter" AttributeSourceId="HTMLForm" Value="entryUUID" xmlns:urn2="urn:sourceid.org:saml2:metadata-extension:v2"/>
                    <urn2:AttributeMap Name="mail" Type="Adapter" AttributeSourceId="HTMLForm" Value="mail" xmlns:urn2="urn:sourceid.org:saml2:metadata-extension:v2"/>
                    <urn2:AttributeMap Name="subject" Type="Adapter" AttributeSourceId="HTMLForm" Value="uid" xmlns:urn2="urn:sourceid.org:saml2:metadata-extension:v2"/>
                    <urn2:AttributeMap Name="SAML_AUTHN_CTX" Type="Text" Value="internal" xmlns:urn2="urn:sourceid.org:saml2:metadata-extension:v2"/>
                    <urn2:TokenAuthorizationIssuanceCriteria xmlns:urn2="urn:sourceid.org:saml2:metadata-extension:v2"/>
                </urn:AttributeMapping>
            </urn:AstAction>
        </urn1:AstChild>
    </urn:policy>
    <urn:description>Used for Internal Authentication</urn:description>
</urn:PolicyFragment>