<?xml version="1.0" encoding="UTF-8"?>
<urn:AdapterConfiguration authnCtxClassRef="" isInheritAttributeSettings="false" isInheritAttributeMapping="false" maskOgnlValues="false" uniqueUserKeyField="pf_none" isInheritExtendedContractAttributes="false" name="CIAM MFA Adapter" xmlns:urn="urn:sourceid.org:saml2:adapter:conf">
    <urn:Fields>
        <urn:Field name="PingOne Environment">PingOneConnection|4d8da93c-49de-479c-a551-0ea5f447494a</urn:Field>
        <urn:Field name="PingOne Population">430f5ac2-1a5c-46ad-85ee-55fdbd626ab4</urn:Field>
        <urn:Field name="Application Client ID">2757e42b-9669-4c27-96bc-2607f105c114</urn:Field>
        <urn:Field name="Application Client Secret">eyJhbGciOiJkaXIiLCJlbmMiOiJBMTI4Q0JDLUhTMjU2Iiwia2lkIjoiQlc5SnlpUk1QMSIsInZlcnNpb24iOiIxMC4yLjIuMCJ9..GeUojVsog3OZ4lzPS6SA2w.7QNqTIVcncqV_qiKtZRzf0d4aB8kcQDxxRL_PwXUCdHjIeEVi-C76lae-w5wju_dRcWSCpfDcs9kJrfz6cY2SLYLYwMhRoEVB_6KfTQs8lo.QIqWDThWwYc8b1aqfawQVw</urn:Field>
        <urn:Field name="PingOne Authentication Policy"/>
        <urn:Field name="Test Username"/>
        <urn:Field name="HTML Template Prefix">pingone-mfa</urn:Field>
        <urn:Field name="Messages Files">pingone-mfa-messages</urn:Field>
        <urn:Field name="User Not Found Failure Mode">Block user</urn:Field>
        <urn:Field name="Service Unavailable Failure Mode">Bypass authentication</urn:Field>
        <urn:Field name="Email Attribute">mail</urn:Field>
        <urn:Field name="Change Device">Allow</urn:Field>
        <urn:Field name="Show Success Screens">true</urn:Field>
        <urn:Field name="Show Error Screens">true</urn:Field>
        <urn:Field name="Show Timeout Screens">true</urn:Field>
        <urn:Field name="API Request Timeout">5000</urn:Field>
        <urn:Field name="Proxy Settings">System Defaults</urn:Field>
        <urn:Field name="Custom Proxy Host"/>
        <urn:Field name="Custom Proxy Port"/>
        <urn:Field name="Provision Users and Authentication Methods">true</urn:Field>
        <urn:Field name="Update Authentication Methods">true</urn:Field>
        <urn:Field name="Username Attribute"/>
        <urn:Field name="SMS Attribute">sms</urn:Field>
        <urn:Field name="DEFAULT AUTHENTICATION METHOD FOR PROVISIONED USERS">SMS</urn:Field>
    </urn:Fields>
    <urn:AdvancedFields>
        <urn:Field name="Test Username"/>
        <urn:Field name="HTML Template Prefix">pingone-mfa</urn:Field>
        <urn:Field name="Messages Files">pingone-mfa-messages</urn:Field>
        <urn:Field name="User Not Found Failure Mode">Block user</urn:Field>
        <urn:Field name="Service Unavailable Failure Mode">Bypass authentication</urn:Field>
        <urn:Field name="Email Attribute">mail</urn:Field>
        <urn:Field name="Change Device">Allow</urn:Field>
        <urn:Field name="Show Success Screens">true</urn:Field>
        <urn:Field name="Show Error Screens">true</urn:Field>
        <urn:Field name="Show Timeout Screens">true</urn:Field>
        <urn:Field name="API Request Timeout">5000</urn:Field>
        <urn:Field name="Proxy Settings">System Defaults</urn:Field>
        <urn:Field name="Custom Proxy Host"/>
        <urn:Field name="Custom Proxy Port"/>
        <urn:Field name="Provision Users and Authentication Methods">true</urn:Field>
        <urn:Field name="Update Authentication Methods">true</urn:Field>
        <urn:Field name="Username Attribute"/>
        <urn:Field name="SMS Attribute">sms</urn:Field>
        <urn:Field name="DEFAULT AUTHENTICATION METHOD FOR PROVISIONED USERS">SMS</urn:Field>
    </urn:AdvancedFields>
    <urn:Tables/>
    <urn:ExtendedContractAttributes/>
    <urn:UniqueKeyField>username</urn:UniqueKeyField>
    <urn:AttributeMapping>
        <urn1:AttributeMap Name="access_token" Type="Adapter" Value="access_token" xmlns:urn1="urn:sourceid.org:saml2:metadata-extension:v2"/>
        <urn1:AttributeMap Name="pingone.mfa.status" Type="Adapter" Value="pingone.mfa.status" xmlns:urn1="urn:sourceid.org:saml2:metadata-extension:v2"/>
        <urn1:AttributeMap Name="id_token" Type="Adapter" Value="id_token" xmlns:urn1="urn:sourceid.org:saml2:metadata-extension:v2"/>
        <urn1:AttributeMap Name="pingone.mfa.status.reason" Type="Adapter" Value="pingone.mfa.status.reason" xmlns:urn1="urn:sourceid.org:saml2:metadata-extension:v2"/>
        <urn1:AttributeMap Name="username" Type="Adapter" Value="username" xmlns:urn1="urn:sourceid.org:saml2:metadata-extension:v2"/>
        <urn1:TokenAuthorizationIssuanceCriteria xmlns:urn1="urn:sourceid.org:saml2:metadata-extension:v2"/>
    </urn:AttributeMapping>
</urn:AdapterConfiguration>